id,email,name,country
1,SKermannes0@rediff.com,Starlene Kermannes,Finland
2,NBussel1@1688.com,Nevins Bussel,Indonesia
3,VMoniker2@berkeley.edu,Valery Moniker,Bahrain
4,MPardal3@homestead.com,Marten Pardal,Thailand
5,goldknowe4@storify.com,Grantham Oldknowe,Cuba
6,udibling5@house.gov,Ursola Dibling,France
7,askase6@soundcloud.com,Angil Skase,Iraq
8,rpatchett7@yandex.ru,Roda Patchett,Indonesia
9,igoede8@rambler.ru,Ignaz Goede,Czech Republic
10,sminghi9@opensource.org,Sol Minghi,Philippines
11,Rsiddonsa@flickr.com,Raimund Siddons,Philippines
12,aupshallb@csmonitor.com,Abdul Upshall,Poland
13,ustilliardc@wix.com,Ulla Stilliard,China
14,jbuckland@bloglovin.com,Jennine Bucklan,Syria
15,esherratte@photobucket.com,Eldon Sherratt,Djibouti
16,mpennringtonf@apple.com,Maximilian Pennrington,Philippines
17,cinfantinog@dailymotion.com,Charla Infantino,China
18,rhendrixh@nyu.edu,Raynard Hendrix,Tanzania
19,wboormani@ustream.tv,Walt Boorman,Czech Republic
20,akirsopj@tuttocitta.it,Anett Kirsop,Peru
21,sgammelk@thetimes.co.uk,Shelia Gammel,Kyrgyzstan
22,hsellnerl@geocities.jp,Hadley Sellner,Brazil
23,tfillanm@google.es,Tyler Fillan,Bangladesh
24,owonesn@bloglines.com,Otha Wones,Poland
25,rtavernero@surveymonkey.com,Reese Taverner,Philippines
26,jgimblettp@ezinearticles.com,Jayne Gimblett,Brazil
27,jcranefieldq@irs.gov,Jourdan Cranefield,Ireland
28,obatistellir@dagondesign.com,Oliviero Batistelli,China
29,aayrees@tmall.com,Alvera Ayree,United States
30,fboscht@indiegogo.com,Farrah Bosch,France
31,pmairu@nasa.gov,Panchito Mair,China
32,rstadingv@hexun.com,Rhianon Stading,Greece
33,ashirtw@arstechnica.com,Ailbert Shirt,China
34,heteenx@gravatar.com,Hildagard Eteen,Russia
35,rjeckelly@stanford.edu,Rosabel Jeckell,Peru
36,largonttz@blogspot.com,Loralie Argontt,Venezuela
37,aberendsen10@sina.com.cn,Adi Berendsen,Belarus
38,dareles11@slashdot.org,Der Areles,Japan
39,dcomi12@redcross.org,Derwin Comi,Peru
40,doxnam13@behance.net,Dalt Oxnam,Vietnam
41,sbrahams14@timesonline.co.uk,Shalom Brahams,China
42,ccunnane15@google.nl,Cleo Cunnane,Portugal
43,lde16@boston.com,Luci de Keep,France
44,gtoffler17@ycombinator.com,Goldi Toffler,Canada
45,jrassell18@ehow.com,Jobye Rassell,Philippines
46,rquinn19@lycos.com,Rennie Quinn,Sweden
47,dpryde1a@ca.gov,Delmore Pryde,Ukraine
48,etrenholm1b@sourceforge.net,Ellyn Trenholm,Kazakhstan
49,kgiovannini1c@arizona.edu,Kikelia Giovannini,China
50,mgreeson1d@dagondesign.com,Miran Greeson,Armenia
51,harmitt1e@bing.com,Hildy Armitt,Brazil
52,dgilliat1f@digg.com,Del Gilliat,France
53,bphelips1g@creativecommons.org,Betteann Phelips,Finland
54,rweich1h@nature.com,Rip Weich,Poland
55,apalmer1i@mashable.com,Ab Palmer,Bulgaria
56,jhunday1j@ebay.co.uk,Josephine Hunday,China
57,rlittleton1k@army.mil,Renelle Littleton,China
58,nstait1l@cyberchimps.com,Nadeen Stait,Philippines
59,kbarrat1m@washingtonpost.com,Kelbee Barrat,Sweden
60,rself1n@tuttocitta.it,Ralina Self,Tanzania
61,rkennewell1o@whitehouse.gov,Ricky Kennewell,Philippines
62,zrobbings1p@ask.com,Zerk Robbings,Mauritius
63,ajandak1q@tiny.cc,Alane Jandak,Brazil
64,maronovitz1r@earthlink.net,Moina Aronovitz,Luxembourg
65,vstrick1s@bbc.co.uk,Vivi Strick,France
66,sshacklady1t@canalblog.com,Siward Shacklady,China
67,amcleese1u@craigslist.org,Ashly McLeese,China
68,sleipold1v@dyndns.org,Samantha Leipold,Croatia
69,dfrizzell1w@mayoclinic.com,Davidson Frizzell,Macedonia
70,kspraggs1x@berkeley.edu,Konstantine Spraggs,Japan
71,deskrigge1y@blogspot.com,Dion Eskrigge,Russia
72,akemwal1z@meetup.com,Aleksandr Kemwal,United Kingdom
73,jhammett20@businessweek.com,Jaynell Hammett,Indonesia
74,twoolens21@nbcnews.com,Tam Woolens,Pakistan
75,dfelix22@huffingtonpost.com,Dori Felix,Poland
76,twheadon23@go.com,Taddeo Wheadon,Democratic Republic of the Congo
77,dcastagnet24@hud.gov,Devondra Castagnet,Indonesia
78,gdickerline25@amazonaws.com,Gav Dickerline,China
79,rkeenan26@gravatar.com,Rita Keenan,China
80,tgreest27@sohu.com,Tadio Greest,Indonesia
81,lcuschieri28@cargocollective.com,Lindsay Cuschieri,Philippines
82,semanuelli29@multiply.com,Spenser Emanuelli,Bosnia and Herzegovina
83,fcaldroni2a@discuz.net,Filip Caldroni,China
84,estellman2b@reddit.com,Evelin Stellman,Greece
85,kbattrum2c@jimdo.com,Krystyna Battrum,Czech Republic
86,glaffling2d@imgur.com,Gerrie Laffling,China
87,sduckitt2e@hexun.com,Sally Duckitt,Philippines
88,kdollman2f@godaddy.com,Katerine Dollman,Indonesia
89,wdowears2g@unc.edu,Warden Dowears,Russia
90,pjenking2h@pbs.org,Peggi Jenking,Czech Republic
91,klabat2i@yellowpages.com,Katerine Labat,Latvia
92,tbruhn2j@google.es,Terrie Bruhn,Nepal
93,jmaunsell2k@over-blog.com,Jordon Maunsell,France
94,hspellward2l@artisteer.com,Hollis Spellward,Indonesia
95,lmccreery2m@ask.com,Laughton McCreery,Japan
96,avella2n@google.nl,Arman Vella,Russia
97,bnevins2o@mapy.cz,Berta Nevins,Canada
98,lvodden2p@europa.eu,Lonnie Vodden,China
99,tyashanov2q@miitbeian.gov.cn,Tyson Yashanov,Portugal
100,gheersma2r@facebook.com,Garvy Heersma,Indonesia
